node_id,chain_id,residue_name,residue_number,grau,degree_centrality,closeness,eigenvector,pagerank,betweenness,x,y,z
34,A,SER,35,13,0.02276707530647986,0.17771553065670712,0.019560738524490997,0.002115211670562089,0.05320985065245349,1.5049999952316284,-2.5179998874664307,21.628999710083008
247,B,ASN,108,11,0.01926444833625219,0.19395380434782608,0.04335742930899675,0.0017916604527238563,0.05229039258810986,1.2599999904632568,1.0779999494552612,10.38599967956543
320,C,SER,35,13,0.02276707530647986,0.17916535927204266,0.0020281129061324437,0.0021236651755071187,0.052078814590255214,25.222000122070312,-7.879000186920166,5.86899995803833
379,C,ASP,94,10,0.017513134851138354,0.1928402566700439,0.009957618084387266,0.0017902406220827608,0.051182209207345605,13.49899959564209,4.138999938964844,2.1410000324249268
322,C,PRO,37,11,0.01926444833625219,0.18132740552556367,0.0028105075075408746,0.0018962440935063286,0.047104428340152986,20.59600067138672,-8.10099983215332,1.7990000247955322
36,A,PRO,37,11,0.01926444833625219,0.18069620253164556,0.008836710444113409,0.0019113981949625647,0.04679989763330616,5.986999988555908,-3.5829999446868896,25.663999557495117
102,A,HIS,103,10,0.017513134851138354,0.19316644113667117,0.022645330306831513,0.001649840516993657,0.04636017211720258,2.447000026702881,6.2170000076293945,15.871999740600586
388,C,HIS,103,10,0.017513134851138354,0.1960178510127017,0.0018452269729202228,0.0016481902812207337,0.045924285076245915,27.020000457763672,1.6480000019073486,9.871999740600586
533,D,ASN,108,10,0.017513134851138354,0.19310111599594185,0.0009860239661894474,0.0016640442385417007,0.044790569098675063,26.7810001373291,-2.308000087738037,16.541000366210938
93,A,ASP,94,10,0.017513134851138354,0.19052385719052387,0.002394521012354071,0.0017939410350635992,0.04352941793479461,16.340999603271484,5.609000205993652,23.481000900268555
525,D,PRO,100,10,0.017513134851138354,0.1866013071895425,0.0012700873270619808,0.001746763691756525,0.042600645355286314,16.37700080871582,-4.031000137329102,24.25200080871582
387,C,SER,102,12,0.021015761821366025,0.1947476125511596,0.002215409674036572,0.001969132528077725,0.042292548695940096,26.180999755859375,4.557000160217285,7.554999828338623
462,D,TRP,37,12,0.021015761821366025,0.1826031339942437,0.001321352109989934,0.0020749662420724646,0.04221932857505019,22.062000274658203,8.012999534606934,26.809999465942383
37,A,THR,38,10,0.017513134851138354,0.18366034094564168,0.004722848249773788,0.0017883954421080658,0.0411246596232851,9.668999671936035,-2.621999979019165,25.652000427246094
529,D,ARG,104,11,0.01926444833625219,0.19349373093866487,0.0009083645399204551,0.0018582047368480583,0.0398486034864999,21.385000228881836,-3.632999897003174,19.336000442504883
177,B,THR,38,12,0.021015761821366025,0.18544982137057486,0.034990445800112985,0.002103287100039708,0.03887718309611825,6.589000225067139,4.4079999923706055,-1.8279999494552612
101,A,SER,102,12,0.021015761821366025,0.19245028648466464,0.018276009136682137,0.0019777424584622796,0.038790761602021925,4.208000183105469,9.13599967956543,17.617000579833984
239,B,PRO,100,10,0.017513134851138354,0.1866013071895425,0.013408174538833403,0.001733059228689358,0.03812823780848618,10.585000038146973,-5.14300012588501,3.135999917984009
243,B,ARG,104,11,0.01926444833625219,0.19251517194875253,0.028566699755627756,0.0018433803398444286,0.037425864406506575,6.151000022888184,-2.3389999866485596,7.885000228881836
323,C,THR,38,10,0.017513134851138354,0.1840154689010635,0.003929488354555844,0.0017718076121993299,0.0364426042885443,17.347000122070312,-6.13700008392334,1.6510000228881836
