node_id,chain_id,residue_name,residue_number,grau,degree_centrality,closeness,eigenvector,pagerank,betweenness,x,y,z
388,C,HIS,103,10,0.017513134851138354,0.1960178510127017,0.0018452269729202228,0.0016481902812207337,0.045924285076245915,27.020000457763672,1.6480000019073486,9.871999740600586
384,C,LYS,99,10,0.017513134851138354,0.19568197395476353,0.0021391409337321947,0.0017487098062150298,0.025799377190185515,21.46299934387207,3.9030001163482666,8.814000129699707
387,C,SER,102,12,0.021015761821366025,0.1947476125511596,0.002215409674036572,0.001969132528077725,0.042292548695940096,26.180999755859375,4.557000160217285,7.554999828338623
383,C,PHE,98,9,0.01576182136602452,0.1943498978897209,0.0026647082324361723,0.001610459600054245,0.035414829973777213,20.72599983215332,5.2129998207092285,5.294000148773193
247,B,ASN,108,11,0.01926444833625219,0.19395380434782608,0.04335742930899675,0.0017916604527238563,0.05229039258810986,1.2599999904632568,1.0779999494552612,10.38599967956543
529,D,ARG,104,11,0.01926444833625219,0.19349373093866487,0.0009083645399204551,0.0018582047368480583,0.0398486034864999,21.385000228881836,-3.632999897003174,19.336000442504883
98,A,LYS,99,10,0.017513134851138354,0.19323181049069374,0.009196239326902186,0.0017533342170086479,0.022660036178142363,8.505999565124512,6.756999969482422,16.638999938964844
102,A,HIS,103,10,0.017513134851138354,0.19316644113667117,0.022645330306831513,0.001649840516993657,0.04636017211720258,2.447000026702881,6.2170000076293945,15.871999740600586
533,D,ASN,108,10,0.017513134851138354,0.19310111599594185,0.0009860239661894474,0.0016640442385417007,0.044790569098675063,26.7810001373291,-2.308000087738037,16.541000366210938
385,C,LEU,100,10,0.017513134851138354,0.19310111599594185,0.002197467303698058,0.0017121636484073726,0.019229211717638445,22.576000213623047,0.5849999785423279,7.2829999923706055
381,C,VAL,96,7,0.012259194395796848,0.1929054054054054,0.0030692546350185508,0.0013301441046290104,0.028334038227533206,15.788999557495117,3.1459999084472656,7.065999984741211
379,C,ASP,94,10,0.017513134851138354,0.1928402566700439,0.009957618084387266,0.0017902406220827608,0.051182209207345605,13.49899959564209,4.138999938964844,2.1410000324249268
243,B,ARG,104,11,0.01926444833625219,0.19251517194875253,0.028566699755627756,0.0018433803398444286,0.037425864406506575,6.151000022888184,-2.3389999866485596,7.885000228881836
101,A,SER,102,12,0.021015761821366025,0.19245028648466464,0.018276009136682137,0.0019777424584622796,0.038790761602021925,4.208000183105469,9.13599967956543,17.617000579833984
530,D,LEU,105,10,0.017513134851138354,0.1913538873994638,0.0009100619016723135,0.0016924571555886495,0.020760669246303792,23.547000885009766,-0.5659999847412109,19.95800018310547
95,A,VAL,96,7,0.012259194395796848,0.19116170070304653,0.003485056195299529,0.0013323557732796293,0.021227655824966822,13.755999565124512,4.59499979019165,18.746999740600586
97,A,PHE,98,9,0.01576182136602452,0.19103379056540648,0.006861505455846158,0.0016137345107588108,0.029365873950046896,9.765000343322754,8.326000213623047,19.885000228881836
526,D,GLU,101,8,0.014010507880910683,0.19084224598930483,0.0011340821407880603,0.001459039946179848,0.02591383406368162,17.469999313354492,-1.315000057220459,21.809999465942383
99,A,LEU,100,10,0.017513134851138354,0.19052385719052387,0.012471774588995836,0.0017170152868548878,0.015992946242707872,6.416999816894531,4.290999889373779,18.701000213623047
93,A,ASP,94,10,0.017513134851138354,0.19052385719052387,0.002394521012354071,0.0017939410350635992,0.04352941793479461,16.340999603271484,5.609000205993652,23.481000900268555
